{"cameraMode":{"drawMode":0,"name":"Shaded","section":"Shading Mode"},"sceneLighting":false,"audioPlay":false,"sceneViewState":{"showFog":false,"showMaterialUpdate":false,"showSkybox":false,"showFlares":false,"showImageEffects":false,"showParticleSystems":false},"in2DMode":false,"pivot":{"x":0.019999997690320016,"y":-3.1599996089935304,"z":-2.3499908447265627},"rotation":{"x":-0.2927607595920563,"y":-0.28885406255722048,"z":0.09326381236314774,"w":-0.9067279696464539},"size":11.027402877807618,"orthographic":false}